id,type,q,ref,flat_answer,graph_answer,flat_verdict,graph_verdict,flat_reason,graph_reason,graph_linked
1,single,What was Tesla's share of the US EV market in Q1 2024?,"51.3%, down from 61.7% a year earlier",Tesla's share of the US EV market in Q1 2024 was 51.3%.,Tesla's share of the US EV market in Q1 2024 was 51.3%.,partial,partial,The answer provides the share but omits the comparison to the previous year.,missing context about the decline from the previous year,"$671.5 billion - $1.9 trillion (2024 to 2032), 1 million (by Q3 2023), 1.9% in 2019 to 2.3% in 2020, 10% (end of 2024, up from 7.3% in Q1), 14% (Q2 2024 vs. Q2 2023), 15.2%"
2,single,What was the EV share of total new-vehicle sales in the US in Q1 2024?,7.3%,The EV share of total new-vehicle sales in the US in Q1 2024 was 7.3%.,The EV share of total new-vehicle sales in the US in Q1 2024 was 7.3%.,correct,correct,matches the key facts,matches the key facts,"1 million (by Q3 2023), 1% (2023), 1.2 million (2023), 13.3 million units (16.2% of global passenger vehicle sales), 14 million (2023), 14% (Q2 2024 vs. Q2 2023)"
3,single,How many new electric vehicles did Americans buy in Q1 2024?,"268,909 (per Kelley Blue Book)",Not enough information.,"Americans bought 268,909 new electric vehicles in Q1 2024.",hallucinated,correct,The answer does not provide any factual information regarding the number of electric vehicles bought in Q1 2024.,The answer matches the key facts provided in the reference answer.,"$388 billion (2022), 0% of models (2022), 1 million (by Q3 2023), 1.2 million (2023), 1.3 billion (by 2040), 10% (2023 relative to 2022)"
4,single,What was the average transaction price of a new EV in the US in Q1 2024?,"$55,167, down about 9% year over year","The average transaction price of a new EV in the US in Q1 2024 was $55,167.","The average transaction price of a new EV in the US in Q1 2024 was $55,167.",correct,correct,matches the key facts.,matches the key facts.,"$312 billion (past four years), $55,167 (Q1 2024), $60,000, $671.5 billion - $1.9 trillion (2024 to 2032), 0% of models (2022), 1 million (by Q3 2023)"
5,single,What happened to Chevy Bolt sales in Q1 2024 and why?,"Fell 64.3% to 7,040 units because production was halted; a new version is expected in 2025","Chevy Bolt sales fell 64.3% year over year in Q1 2024, hitting just 7,040, as production was temporarily halted.",Not enough information,correct,hallucinated,matches the key facts,The answer does not provide any relevant information about Chevy Bolt sales in Q1 2024.,"$1.1 billion (Q2 2024), $261,205 for Q3 2023, 1 million (by Q3 2023), 1% (2023), 10% (2023 relative to 2022), 100% (from 2030)"
6,single,What EV tax credit does the Inflation Reduction Act offer?,"$7,500 per EV","The Inflation Reduction Act offers new tax credits of up to $7,500 for new electric vehicle (EV) purchases.","The Inflation Reduction Act offers a $7,500 tax credit for EVs.",correct,correct,matches the key facts,matches the key facts,"$0.50 per gallon, $1,000 to $7,500, $200 (annual tax for EV owners), $21 billion, $7,500, $7,500 (for new EVs)"
7,single,What was the electric share of new-vehicle sales in the US in 2020?,About 2.4% (up from ~2% in 2019),Not enough information.,The electric share of new-vehicle sales in the US in 2020 was approximately 2.4%.,hallucinated,correct,The answer does not provide the requested information and instead states a lack of information.,matches the key facts.,"1% (2023), 1.2 million (2023), 13.3 million units (16.2% of global passenger vehicle sales), 14 million (2023), 15% (2019), 15% (2023)"
8,single,What full-year 2024 EV market share does Cox Automotive forecast?,About 10% by the end of 2024,Cox Automotive forecasts that EV sales in the U.S. will surpass the 10% market share mark for the first time in 2024.,Cox Automotive forecasts the US EV market share to reach roughly 10% by the end of 2024.,partial,correct,The answer indicates that EV sales will surpass 10% but does not specify that the forecast is about 10% by the end of 2024.,The answer matches the key facts of the reference answer.,"1 million (early 2023), 1.47 million units, 1.9% in 2019 to 2.3% in 2020, 10% (coming year), 10% (end of 2024, up from 7.3% in Q1), 12% (2024)"
9,multi-hop,"Which automakers grew EV sales more than 50% year over year in Q1 2024, and how did Tesla's sales change in the same period?","BMW, Cadillac, Ford, Hyundai, Kia, Lexus, Mercedes, Rivian and Vinfast grew >50%; Tesla fell about 13.3%","In Q1 2024, the automakers that grew EV sales more than 50% year over year were BMW, Cadillac, Ford, Hyundai, Kia, Lexus, Mercedes, Rivian, and Vinfast. Tesla's sales in the U.S. were down 13.3% year over year in the same period.","In Q1 2024, Ford achieved an 86.1% year-over-year increase in EV sales, and Cadillac recorded a 499.2% year-over-year increase. Tesla's sales were down 13.3% year over year in the same period.",correct,partial,matches the key facts,The answer correctly identifies Tesla's sales change but does not mention all the automakers that grew EV sales more than 50%.,"1 million (by Q3 2023), 13.3% (Q1 2024), 14 million (2023), 14% (Q2 2024 vs. Q2 2023), 15% (2019), 19.2% (2023)"
10,multi-hop,How did Tesla's average transaction price compare with the overall new-EV average in Q1 2024?,"Tesla's was $52,315, lower than the overall average of $55,167","Tesla's average transaction price in Q1 2024 was $52,315, which was lower than the overall new-EV average of $55,167.","Tesla's average transaction price was lower than the overall new-EV average in Q1 2024. Tesla's average transaction price was USD 50,051 by December 2023, while the US EV market's average transaction price was $55,167 in Q1 2024.",correct,partial,matches the key facts,"The answer correctly states that Tesla's average transaction price was lower than the overall new-EV average, but it provides an incorrect figure for Tesla's average transaction price.","$55,167 (Q1 2024), 1 million (by Q3 2023), 13.3% (Q1 2024), 14% (Q2 2024 vs. Q2 2023), 15% (2023 vs 2021-2022), 15.2%"
11,multi-hop,"How is the $7,500 IRA credit related to EV leasing trends?","Leasing lets buyers qualify for the full $7,500, so leasing more than doubled to about 27%","The $7,500 IRA credit is related to EV leasing trends in that many buyers can qualify for the full incentive through leasing. This has contributed to an increase in leasing, with roughly 27% of all EVs being leased in Q1, more than double from the year before.",Not enough information,correct,partial,"The answer matches the key facts about the $7,500 IRA credit and its impact on EV leasing trends.","The answer indicates a lack of detail regarding the relationship between the IRA credit and EV leasing trends, but it acknowledges the connection.","$1,000 to $7,500, $242 billion, $312 billion (past four years), $671.5 billion - $1.9 trillion (2024 to 2032), $7,500 (for new EVs), $7,500 for EV battery production"
12,multi-hop,Which luxury automakers grew EV sales in Q1 2024 and by how much?,"Cadillac +499.2% (Lyriq), Mercedes +66.9%, BMW +62.6%, Audi +28.8%","In Q1 2024, the luxury automakers that grew EV sales were:

- Cadillac, with a 499.2% year-over-year increase.
- Mercedes, with a 66.9% increase.
- BMW, with a 62.6% increase.
- Audi, with a 28.8% increase.",Cadillac recorded a 499.2% year-over-year increase in EV sales in Q1 2024.,correct,partial,The answer matches the key facts provided in the reference answer.,incomplete,"1 million (by Q3 2023), 1 million (early 2023), 11% (Q2 2024 vs. Q2 2023), 14 million (2023), 14% (Q2 2024 vs. Q2 2023), 15% (2019)"
13,multi-hop,How did states with ZEV regulations differ from states without them in EV market share?,ZEV states had ~5% EV share vs ~1.3% in non-ZEV states,"States with ZEV regulations had a combined new electric vehicle share of 5%, while states without such regulations had a 1.3% average electric vehicle share.",States with ZEV regulations had a combined new electric vehicle share of 5% in 2020. Not enough information is provided about states without ZEV regulations to compare their EV market share.,correct,partial,The answer matches the key facts of the reference answer.,"The answer provides the EV share for ZEV states but does not mention the share for non-ZEV states, which is necessary for a complete comparison.","22%, 25%, 44%, 45% (2023), 5% (2020), 50%"
14,multi-hop,How did Tesla's US EV market share trend from Q1 2023 to Q1 2024?,Declined from 61.7% (Q1 2023) to 51.3% (Q1 2024),Tesla's US EV market share decreased from 61.7% in Q1 2023 to 51.3% in Q1 2024.,Tesla's US EV market share decreased from 55% in 2023 to 51.3% in Q1 2024.,correct,partial,The answer matches the key facts.,The answer provides the correct market share for Q1 2024 but incorrectly states the Q1 2023 figure.,"1 million (by Q3 2023), 1.9% in 2019 to 2.3% in 2020, 10% (end of 2024, up from 7.3% in Q1), 13.3% (Q1 2024), 14% (Q2 2024 vs. Q2 2023), 15.2%"
15,multi-hop,How did Ford's EV sales perform versus Tesla in Q1 2024?,"Ford rose 86.1% YoY (second-highest EV volume), while Tesla fell about 13.3%","Ford's EV sales in Q1 2024 achieved an 86.1% year-over-year increase, with the second-highest EV sales volume behind Tesla. However, Ford's EV sales represented just 5% of Tesla's sales in the same period.",Not enough information.,partial,partial,The answer correctly states Ford's YoY increase and its position in EV sales volume but incorrectly implies a comparison of sales volume percentage without providing Tesla's actual sales figures.,"The answer indicates a lack of specific data on Ford's EV sales performance compared to Tesla, but it does not provide any relevant information about the actual performance.","1 million (by Q3 2023), 1.47 million (2024), 14% (Q2 2024 vs. Q2 2023), 15.2%, 2.5% (last year), 2.6% (Q1 2024)"
16,multi-hop,Which model drove Cadillac's EV growth and how large was it?,The Lyriq; Cadillac grew 499.2% year over year,"Cadillac's EV growth was driven by robust sales of its Lyriq model, achieving a 499.2% year-over-year increase in electric vehicle sales.",Not enough information,correct,partial,matches the key facts,"The answer does not provide the specific model or growth percentage, but it implies a lack of information.","$312 billion (past four years), $671.5 billion - $1.9 trillion (2024 to 2032), 1 million (by Q3 2023), 14 million (2023), 15% (2019), 171+ (by 2025)"
17,single,Who is the market leader in US EVs and what is the trend in its share?,"Tesla leads but its share is declining (51.3%, down from 61.7%)","Tesla is the market leader in US EVs, holding approximately 50.9% of the EV market as of the last quarter of 2023. The trend in its share is not explicitly detailed in the provided context.","Tesla is the market leader in US EVs, holding a market share of approximately 50.9% in the last quarter of 2023.",partial,partial,The answer correctly identifies Tesla as the market leader in US EVs but provides an inaccurate market share percentage and does not mention the declining trend.,The answer correctly identifies Tesla as the market leader in US EVs but provides an inaccurate market share figure and does not mention the declining trend.,"1.9% in 2019 to 2.3% in 2020, 14% (by 2030), 15% (2019), 16% (2018 to 2023), 18% (2023, up from 14% in 2022), 19%"
18,multi-hop,What factors does Cox Automotive cite as driving EV sales higher in 2024 (the 'Year of More')?,"More new products, more incentives, more inventory, more leasing and more charging infrastructure","Cox Automotive cites more new products, more incentives, more inventory, more leasing, and more infrastructure as factors driving EV sales higher in 2024, referred to as the 'Year of More'.",Not enough information,correct,partial,The answer matches the key facts from the reference answer.,"The answer does not provide specific factors driving EV sales higher in 2024, but it implies a lack of detail.","1 million (early 2023), 10% (coming year), 14% (Q2 2024 vs. Q2 2023), 15% (2019), 17%, 17% higher (January 2024)"
19,single,What share of EVs were leased in Q1 2024 compared with a year earlier?,"About 27%, more than double the prior year","In Q1 2024, roughly 27% of all EVs were leased, more than double from the year before.",27% of EVs were leased in Q1 2024. Not enough information is provided to compare this with a year earlier.,correct,partial,matches the key facts,The answer provides the percentage of EVs leased but fails to compare it with the previous year as required.,"1 million (by Q3 2023), 1% (2023), 1.1 million (2023), 1.9% in 2019 to 2.3% in 2020, 10% (end of 2024, up from 7.3% in Q1), 14% (Q2 2024 vs. Q2 2023)"
20,multi-hop,Compare the sales trends of luxury EVs versus the affordable Chevy Bolt in Q1 2024.,"Luxury surged (Cadillac +499.2%, Mercedes +66.9%, BMW +62.6%) while the Chevy Bolt fell 64.3% due to halted production","In Q1 2024, luxury EVs showed strong sales growth, with Cadillac achieving a 499.2% year-over-year increase due to robust sales of its Lyriq model. Mercedes and BMW also saw significant increases in EV sales, with 66.9% and 62.6% growth, respectively. In contrast, the affordable Chevy Bolt experienced a significant decline, with sales falling 64.3% year over year, hitting just 7,040 units as production was temporarily halted. This indicates a strong performance in the luxury EV segment compared to a decline in sales for the more affordable Chevy Bolt.",Not enough information,correct,partial,matches the key facts,The answer indicates a lack of sufficient information but does not address the sales trends mentioned in the reference answer.,"1 million (by Q3 2023), 1 million (early 2023), 1.2 million (2023), 14% (Q2 2024 vs. Q2 2023), 15.2%, 15.5 million (in 2024)"
